{
    "sku": [
        "SPORT003",
        "HOME001",
        "HOME003",
        "APP003",
        "APP002",
        "ELEC002",
        "BEAU001",
        "HOME002",
        "BEAU002",
        "SPORT002",
        "ELEC003",
        "BEAU003",
        "SPORT001",
        "ELEC001",
        "APP001"
    ],
    "product_name": [
        "Camping Tent",
        "Blender",
        "Cookware Set",
        "Running Shoes",
        "Winter Jacket",
        "Smartphone",
        "Facial Cleanser",
        "Air Fryer",
        "Hair Dryer",
        "Dumbbell Set",
        "Smartwatch",
        "Electric Toothbrush",
        "Yoga Mat",
        "Wireless Headphones",
        "Denim Jeans"
    ],
    "product_category": [
        "Sports & Outdoors",
        "Home & Kitchen",
        "Home & Kitchen",
        "Apparel",
        "Apparel",
        "Electronics",
        "Beauty & Health",
        "Home & Kitchen",
        "Beauty & Health",
        "Sports & Outdoors",
        "Electronics",
        "Beauty & Health",
        "Sports & Outdoors",
        "Electronics",
        "Apparel"
    ],
    "units_sold": [
        13492,
        26051,
        19019,
        80383,
        34691,
        104838,
        65536,
        35055,
        22847,
        31352,
        41159,
        34772,
        59157,
        48597,
        64962
    ],
    "expected_units_sold": [
        18117,
        46023,
        25994,
        102256,
        43008,
        153036,
        90307,
        53664,
        36120,
        42029,
        62124,
        54348,
        94004,
        54600,
        85398
    ],
    "optimal_units_sold": [
        18117,
        38019,
        25994,
        102256,
        43008,
        153036,
        90307,
        53664,
        36120,
        42029,
        62124,
        54348,
        94004,
        54600,
        85398
    ],
    "current_net_margin": [
        249060.6,
        327655.45999999996,
        243298.82,
        1325101.6899999997,
        639334.0,
        5616083.1,
        123758.43000000001,
        793381.6400000001,
        310190.22,
        600708.81,
        1394937.6099999999,
        392334.93999999994,
        378443.3300000001,
        589324.5599999999,
        980959.9699999999
    ],
    "expected_net_margin_expected_volume": [
        444253.59886085003,
        546752.8797733278,
        483693.7465522369,
        2036096.608159692,
        1061410.3035878392,
        10151174.021614771,
        233583.67794576116,
        1513567.1716331118,
        499993.3564015108,
        980965.2412680752,
        2502657.6174978055,
        727531.09383903,
        699068.0816055235,
        951168.4303537728,
        1744820.2038447093
    ],
    "optimal_net_margin": [
        444253.655149577,
        606193.7136580306,
        483693.7653583473,
        2036096.498771673,
        1061410.296683776,
        10151174.007795429,
        233583.58445118877,
        1513567.1220403556,
        499993.3623283782,
        980965.2600269564,
        2502657.707133584,
        727531.0920125723,
        699068.2592602101,
        951168.4297416902,
        1744819.9925216977
    ],
    "current_revenue": [
        1180008.6,
        1320719.58,
        1232286.8200000003,
        4701187.6899999995,
        2408575.0,
        36019103.1,
        654600.03,
        2721406.64,
        584354.22,
        1735651.21,
        5099247.609999999,
        1348564.94,
        1443269.33,
        4525681.56,
        2215237.97
    ],
    "expected_revenue_expected_volume": [
        1694326.5988608499,
        2301149.639773328,
        1835381.7465522368,
        6330848.608159685,
        3254818.303587835,
        54531614.02161482,
        965070.3779457608,
        4465087.171633117,
        933433.3564015109,
        2502415.0412680767,
        8093817.6174978055,
        2222101.0938390293,
        2391140.0816055224,
        5373768.430353772,
        3367382.20384471
    ]
}