{
    "sku": [
        "APP001",
        "HOME003",
        "ELEC003",
        "SPORT001",
        "ELEC001",
        "HOME001",
        "APP003",
        "BEAU002",
        "BEAU001",
        "SPORT003",
        "ELEC002",
        "HOME002",
        "BEAU003",
        "SPORT002",
        "APP002"
    ],
    "product_name": [
        "Denim Jeans",
        "Cookware Set",
        "Smartwatch",
        "Yoga Mat",
        "Wireless Headphones",
        "Blender",
        "Running Shoes",
        "Hair Dryer",
        "Facial Cleanser",
        "Camping Tent",
        "Smartphone",
        "Air Fryer",
        "Electric Toothbrush",
        "Dumbbell Set",
        "Winter Jacket"
    ],
    "product_category": [
        "Apparel",
        "Home & Kitchen",
        "Electronics",
        "Sports & Outdoors",
        "Electronics",
        "Home & Kitchen",
        "Apparel",
        "Beauty & Health",
        "Beauty & Health",
        "Sports & Outdoors",
        "Electronics",
        "Home & Kitchen",
        "Beauty & Health",
        "Sports & Outdoors",
        "Apparel"
    ],
    "units_sold": [
        64962,
        19019,
        41159,
        59157,
        48597,
        26051,
        80383,
        22847,
        65536,
        13492,
        104838,
        35055,
        34772,
        31352,
        34691
    ],
    "expected_units_sold": [
        85398,
        25994,
        62124,
        94004,
        54600,
        46023,
        102256,
        36120,
        90307,
        18117,
        153036,
        53664,
        54348,
        42029,
        43008
    ],
    "optimal_units_sold": [
        85398,
        25994,
        62124,
        94004,
        54600,
        38019,
        102256,
        36120,
        90307,
        18117,
        153036,
        53664,
        54348,
        42029,
        43008
    ],
    "current_net_margin": [
        980959.9699999989,
        243298.81999999995,
        1394937.6100000006,
        378443.3300000002,
        589324.5599999999,
        327655.4599999999,
        1325101.6900000004,
        310190.21999999986,
        123758.42999999993,
        249060.5999999998,
        5616083.100000004,
        793381.6400000005,
        392334.9400000001,
        600708.8099999997,
        639333.9999999999
    ],
    "expected_net_margin_expected_volume": [
        1744820.203844725,
        483693.74655223306,
        2502657.6174978055,
        699068.0816055195,
        951168.4303537832,
        546752.8797733266,
        2036096.6081597134,
        499993.3564015196,
        233583.6779457595,
        444253.5988608421,
        10151174.021614796,
        1513567.1716331192,
        727531.0938390336,
        980965.2412680575,
        1061410.3035878506
    ],
    "optimal_net_margin": [
        1744819.9925216674,
        483693.76535835565,
        2502657.7071335693,
        699068.2592602129,
        951168.4297417008,
        606193.7136580263,
        2036096.4987716433,
        499993.36232837406,
        233583.5844511915,
        444253.6551495754,
        10151174.007795451,
        1513567.1220403567,
        727531.0920125778,
        980965.26002695,
        1061410.29668376
    ],
    "current_revenue": [
        2215237.970000001,
        1232286.8200000005,
        5099247.609999997,
        1443269.3299999994,
        4525681.560000001,
        1320719.5799999994,
        4701187.6899999995,
        584354.22,
        654600.0299999991,
        1180008.5999999996,
        36019103.09999998,
        2721406.639999997,
        1348564.939999999,
        1735651.21,
        2408575.000000002
    ],
    "expected_revenue_expected_volume": [
        3367382.203844726,
        1835381.7465522534,
        8093817.6174978055,
        2391140.081605546,
        5373768.430353803,
        2301149.639773324,
        6330848.608159739,
        933433.3564015077,
        965070.3779457689,
        1694326.5988608634,
        54531614.021614246,
        4465087.171633128,
        2222101.0938390032,
        2502415.041268037,
        3254818.3035878628
    ],
    "costs": [
        1234278.0,
        988988.0,
        3704310.0,
        1064826.0,
        3936357.0,
        993064.1199999999,
        3376086.0,
        274164.0,
        530841.6,
        930948.0,
        30403020.0,
        1928025.0,
        956230.0,
        1134942.4000000001,
        1769241.0
    ]
}