{
    "current_revenue": 67189894.3,
    "expected_revenue": 100262354.29293801,
    "current_net_margin": 13964573.18,
    "expected_net_margin": 24576736.032938022
}